[{"pk": 1, "model": "contenttypes.contenttype", "fields": {"model": "logentry", "name": "log entry", "app_label": "admin"}}, {"pk": 2, "model": "contenttypes.contenttype", "fields": {"model": "permission", "name": "permission", "app_label": "auth"}}, {"pk": 3, "model": "contenttypes.contenttype", "fields": {"model": "group", "name": "group", "app_label": "auth"}}, {"pk": 4, "model": "contenttypes.contenttype", "fields": {"model": "user", "name": "user", "app_label": "auth"}}, {"pk": 5, "model": "contenttypes.contenttype", "fields": {"model": "contenttype", "name": "content type", "app_label": "contenttypes"}}, {"pk": 6, "model": "contenttypes.contenttype", "fields": {"model": "session", "name": "session", "app_label": "sessions"}}, {"pk": 7, "model": "contenttypes.contenttype", "fields": {"model": "site", "name": "site", "app_label": "sites"}}, {"pk": 8, "model": "contenttypes.contenttype", "fields": {"model": "localitytype", "name": "locality type", "app_label": "params"}}, {"pk": 9, "model": "contenttypes.contenttype", "fields": {"model": "locality", "name": "locality", "app_label": "params"}}, {"pk": 10, "model": "contenttypes.contenttype", "fields": {"model": "person", "name": "person", "app_label": "params"}}, {"pk": 11, "model": "contenttypes.contenttype", "fields": {"model": "ticket", "name": "ticket", "app_label": "params"}}, {"pk": 12, "model": "contenttypes.contenttype", "fields": {"model": "solution", "name": "solution", "app_label": "space"}}, {"pk": 13, "model": "contenttypes.contenttype", "fields": {"model": "association", "name": "association", "app_label": "space"}}, {"pk": 14, "model": "contenttypes.contenttype", "fields": {"model": "enterprise", "name": "enterprise", "app_label": "space"}}, {"pk": 15, "model": "contenttypes.contenttype", "fields": {"model": "headquar", "name": "headquar", "app_label": "space"}}, {"pk": 16, "model": "contenttypes.contenttype", "fields": {"model": "profile", "name": "profile", "app_label": "sad"}}, {"pk": 17, "model": "contenttypes.contenttype", "fields": {"model": "userstate", "name": "user state", "app_label": "sad"}}, {"pk": 18, "model": "contenttypes.contenttype", "fields": {"model": "access", "name": "access", "app_label": "sad"}}, {"pk": 19, "model": "contenttypes.contenttype", "fields": {"model": "backup", "name": "backup", "app_label": "sad"}}, {"pk": 20, "model": "contenttypes.contenttype", "fields": {"model": "module", "name": "module", "app_label": "sad"}}, {"pk": 21, "model": "contenttypes.contenttype", "fields": {"model": "menu", "name": "menu", "app_label": "sad"}}, {"pk": 22, "model": "contenttypes.contenttype", "fields": {"model": "userprofileenterprise", "name": "user profile enterprise", "app_label": "sad"}}, {"pk": 23, "model": "contenttypes.contenttype", "fields": {"model": "userprofileheadquar", "name": "user profile headquar", "app_label": "sad"}}, {"pk": 24, "model": "contenttypes.contenttype", "fields": {"model": "userprofileassociation", "name": "user profile association", "app_label": "sad"}}, {"pk": 25, "model": "contenttypes.contenttype", "fields": {"model": "resource", "name": "resource", "app_label": "sad"}}, {"pk": 26, "model": "contenttypes.contenttype", "fields": {"model": "group", "name": "group", "app_label": "sad"}}, {"pk": 27, "model": "contenttypes.contenttype", "fields": {"model": "user", "name": "user", "app_label": "sad"}}, {"pk": 28, "model": "contenttypes.contenttype", "fields": {"model": "audit", "name": "audit", "app_label": "sad"}}, {"pk": 29, "model": "contenttypes.contenttype", "fields": {"model": "log", "name": "log", "app_label": "sad"}}, {"pk": 30, "model": "contenttypes.contenttype", "fields": {"model": "maintenance", "name": "maintenance", "app_label": "sad"}}, {"pk": 31, "model": "contenttypes.contenttype", "fields": {"model": "system", "name": "system", "app_label": "sad"}}, {"pk": 32, "model": "contenttypes.contenttype", "fields": {"model": "dashboard", "name": "dashboard", "app_label": "mod_backend"}}, {"pk": 33, "model": "contenttypes.contenttype", "fields": {"model": "", "name": "", "app_label": "home"}}, {"pk": 34, "model": "contenttypes.contenttype", "fields": {"model": "profile", "name": "profile", "app_label": "accounts"}}, {"pk": 50, "model": "contenttypes.contenttype", "fields": {"model": "last", "name": "last", "app_label": "last"}}, {"pk": 51, "model": "contenttypes.contenttype", "fields": {"model": "categoria", "name": "categoria", "app_label": "params"}}, {"pk": 52, "model": "contenttypes.contenttype", "fields": {"model": "producto", "name": "producto", "app_label": "maestros"}}, {"pk": 53, "model": "contenttypes.contenttype", "fields": {"model": "dashboard", "name": "dashboard", "app_label": "mod_ventas"}}, {"pk": 61, "model": "contenttypes.contenttype", "fields": {"model": "employee", "name": "employee", "app_label": "rrhh"}}, {"pk": 62, "model": "contenttypes.contenttype", "fields": {"model": "dashboard", "name": "dashboard", "app_label": "mod_pro"}}, {"pk": 1, "model": "sites.site", "fields": {"domain": "example.com", "name": "example.com"}}, {"pk": 1, "model": "space.solution", "fields": {"registered_at": "2013-10-31T04:52:44Z", "is_active": true, "name": "Shomware Basic", "modified_in": "2013-11-13T05:03:19Z", "description": "Limitado para ventas"}}, {"pk": 2, "model": "space.solution", "fields": {"registered_at": "2013-10-31T04:53:33Z", "is_active": true, "name": "Shomware Ultimate", "modified_in": "2013-10-31T04:53:33Z", "description": "Backend + Ventas"}}, {"pk": 1, "model": "auth.permission", "fields": {"codename": "localitytype", "name": "Puede hacer TODAS las oper. de tipos d localidades", "content_type": 8}}, {"pk": 2, "model": "auth.permission", "fields": {"codename": "locality", "name": "Puede hacer TODAS las operaciones de localidades", "content_type": 9}}, {"pk": 3, "model": "auth.permission", "fields": {"codename": "locality_index", "name": "Puede ver el index de localidades", "content_type": 9}}, {"pk": 4, "model": "auth.permission", "fields": {"codename": "locality_add", "name": "Puede agregar localidad", "content_type": 9}}, {"pk": 5, "model": "auth.permission", "fields": {"codename": "locality_edit", "name": "Puede actualizar localidades", "content_type": 9}}, {"pk": 6, "model": "auth.permission", "fields": {"codename": "locality_delete", "name": "Puede eliminar localidades", "content_type": 9}}, {"pk": 7, "model": "auth.permission", "fields": {"codename": "locality_report", "name": "Puede reportar localidades", "content_type": 9}}, {"pk": 8, "model": "auth.permission", "fields": {"codename": "locality_state", "name": "Puede inactivar y reactivar localidades", "content_type": 9}}, {"pk": 9, "model": "auth.permission", "fields": {"codename": "person", "name": "Puede hacer TODAS las operaciones de personas", "content_type": 10}}, {"pk": 10, "model": "auth.permission", "fields": {"codename": "ticket", "name": "Puede hacer TODAS las operaciones de ticket", "content_type": 11}}, {"pk": 11, "model": "auth.permission", "fields": {"codename": "solution", "name": "Puede hacer TODAS las operaciones de soluciones", "content_type": 12}}, {"pk": 12, "model": "auth.permission", "fields": {"codename": "association", "name": "Puede hacer TODAS las operaciones de asociaciones", "content_type": 13}}, {"pk": 13, "model": "auth.permission", "fields": {"codename": "enterprise", "name": "Puede hacer TODAS las operaciones de empresas", "content_type": 14}}, {"pk": 14, "model": "auth.permission", "fields": {"codename": "headquar", "name": "Puede hacer TODAS las operaciones de sedes", "content_type": 15}}, {"pk": 15, "model": "auth.permission", "fields": {"codename": "access", "name": "Puede hacer TODAS las operaciones de access", "content_type": 18}}, {"pk": 16, "model": "auth.permission", "fields": {"codename": "backup", "name": "Puede hacer TODAS las operaciones de backup", "content_type": 19}}, {"pk": 17, "model": "auth.permission", "fields": {"codename": "module", "name": "Puede hacer TODAS las operaciones de modulos", "content_type": 20}}, {"pk": 18, "model": "auth.permission", "fields": {"codename": "menu", "name": "Puede hacer TODAS las operaciones de menus", "content_type": 21}}, {"pk": 19, "model": "auth.permission", "fields": {"codename": "resource", "name": "Submodulo del sistema para la gestion de los recur", "content_type": 25}}, {"pk": 20, "model": "auth.permission", "fields": {"codename": "group", "name": "Submodulo del sistema para los perfiles de usuario", "content_type": 26}}, {"pk": 21, "model": "auth.permission", "fields": {"codename": "user", "name": "Submodulo para la administracion de los usuarios d", "content_type": 27}}, {"pk": 22, "model": "auth.permission", "fields": {"codename": "audit", "name": "Submodulo para auditorias", "content_type": 28}}, {"pk": 23, "model": "auth.permission", "fields": {"codename": "log", "name": "Submodulo para logs", "content_type": 29}}, {"pk": 24, "model": "auth.permission", "fields": {"codename": "maintenance", "name": "Submodulo para maintenance de tablas del SGBD", "content_type": 30}}, {"pk": 25, "model": "auth.permission", "fields": {"codename": "system", "name": "Submodulo para archivos de confi del system", "content_type": 31}}, {"pk": 26, "model": "auth.permission", "fields": {"codename": "dashboard", "name": "Submodulo Dashboard del mod_backend", "content_type": 32}}, {"pk": 27, "model": "auth.permission", "fields": {"codename": "", "name": "Submodulo Todo", "content_type": 33}}, {"pk": 28, "model": "auth.permission", "fields": {"codename": "profile_edit", "name": "Submodulo Editar user profile", "content_type": 34}}, {"pk": 50, "model": "auth.permission", "fields": {"codename": "last", "name": "Submodulo last", "content_type": 50}}, {"pk": 51, "model": "auth.permission", "fields": {"codename": "categoria", "name": "Puede hacer TODAS las operaciones de categorias", "content_type": 51}}, {"pk": 52, "model": "auth.permission", "fields": {"codename": "producto", "name": "Puede hacer TODAS las operaciones de productos", "content_type": 52}}, {"pk": 53, "model": "auth.permission", "fields": {"codename": "producto_index", "name": "Puede ver el index de productos", "content_type": 52}}, {"pk": 54, "model": "auth.permission", "fields": {"codename": "producto_add", "name": "Puede agregar producto", "content_type": 52}}, {"pk": 55, "model": "auth.permission", "fields": {"codename": "producto_edit", "name": "Puede actualizar productos", "content_type": 52}}, {"pk": 56, "model": "auth.permission", "fields": {"codename": "producto_delete", "name": "Puede eliminar productos", "content_type": 52}}, {"pk": 57, "model": "auth.permission", "fields": {"codename": "producto_report", "name": "Puede reportar productos", "content_type": 52}}, {"pk": 58, "model": "auth.permission", "fields": {"codename": "producto_state", "name": "Puede inactivar y reactivar productos", "content_type": 52}}, {"pk": 59, "model": "auth.permission", "fields": {"codename": "producto_edit_precio", "name": "Puede actualizar precio venta de productos", "content_type": 52}}, {"pk": 70, "model": "auth.permission", "fields": {"codename": "dashboard", "name": "Submodulo Dashboard del mod_ventas", "content_type": 53}}, {"pk": 71, "model": "auth.permission", "fields": {"codename": "employee", "name": "Puede hacer TODAS las operaciones de empleados", "content_type": 61}}, {"pk": 80, "model": "auth.permission", "fields": {"codename": "dashboard", "name": "Submodulo Dashboard del mod_pro", "content_type": 62}}, {"pk": 1, "model": "auth.group", "fields": {"name": "MASTER", "permissions": [28, 26, 2, 1, 9, 10, 15, 22, 16, 20, 23, 24, 18, 17, 19, 25, 21, 12, 13, 14, 11]}}, {"pk": 2, "model": "auth.group", "fields": {"name": "CATASTRO", "permissions": [28, 26, 4, 5, 3, 7, 1]}}, {"pk": 3, "model": "auth.group", "fields": {"name": "GERENTE VENTAS", "permissions": [28, 52, 70, 51]}}, {"pk": 4, "model": "auth.group", "fields": {"name": "VENDEDOR", "permissions": [28, 54, 53, 58, 70, 51]}}, {"pk": 5, "model": "auth.group", "fields": {"name": "RRHH", "permissions": [28, 80, 9, 71]}}, {"pk": 1, "model": "auth.user", "fields": {"username": "admin", "first_name": "", "last_name": "", "is_active": true, "is_superuser": true, "is_staff": true, "last_login": "2014-05-08T18:39:01.657Z", "groups": [], "user_permissions": [], "password": "pbkdf2_sha256$12000$kh8KuuqiYTjb$0RYSKXYTXyf0tvP7traeFiQ+MYIbVWLoBr6/BQ/mdcM=", "email": "backenddj@gmail.com", "date_joined": "2014-05-08T15:21:13.560Z"}}, {"pk": 1, "model": "sad.module", "fields": {"description": "", "is_active": true, "registered_at": "2013-10-31T04:51:34Z", "module": "BACKEND", "modified_in": "2013-11-10T16:57:52Z", "groups": [1, 2], "icon": null, "solutions": [2], "initial_groups": [1], "name": "Backend"}}, {"pk": 2, "model": "sad.module", "fields": {"description": "", "is_active": true, "registered_at": "2013-10-31T04:52:14Z", "module": "VENTAS", "modified_in": "2013-11-13T05:03:15Z", "groups": [3, 4], "icon": null, "solutions": [1, 2], "initial_groups": [3], "name": "Ventas"}}, {"pk": 3, "model": "sad.module", "fields": {"description": "", "is_active": true, "registered_at": "2013-11-20T22:06:44Z", "module": "PRO", "modified_in": "2013-11-20T22:06:44Z", "groups": [5], "icon": null, "solutions": [1, 2], "initial_groups": [5], "name": "Profesional"}}, {"pk": 11, "model": "sad.menu", "fields": {"description": null, "parent": null, "title": "Dashboard", "url": "#", "permission": null, "is_active": true, "pos": 100, "module": "BACKEND", "registered_at": "2013-10-31T05:24:35Z", "modified_in": "2013-11-10T17:14:01Z", "icon": "icon-home"}}, {"pk": 12, "model": "sad.menu", "fields": {"description": null, "parent": 11, "title": "Dashboard", "url": "mod_backend/dashboard/", "permission": 26, "is_active": true, "pos": 101, "module": "BACKEND", "registered_at": "2013-10-31T05:29:35Z", "modified_in": "2013-10-31T05:29:35Z", "icon": "icon-home"}}, {"pk": 61, "model": "sad.menu", "fields": {"description": null, "parent": null, "title": "Account", "url": "#", "permission": null, "is_active": true, "pos": 600, "module": "BACKEND", "registered_at": "2013-10-31T05:12:15Z", "modified_in": "2013-11-10T17:14:05Z", "icon": "icon-user"}}, {"pk": 62, "model": "sad.menu", "fields": {"description": null, "parent": 61, "title": "Association", "url": "space/association/edit_current/", "permission": 12, "is_active": true, "pos": 601, "module": "BACKEND", "registered_at": "2013-10-31T05:17:03Z", "modified_in": "2013-10-31T05:17:03Z", "icon": "icon-briefcase"}}, {"pk": 63, "model": "sad.menu", "fields": {"description": null, "parent": 61, "title": "Enterprises", "url": "space/enterprise/index/", "permission": 13, "is_active": true, "pos": 602, "module": "BACKEND", "registered_at": "2013-10-31T05:18:06Z", "modified_in": "2013-10-31T05:18:06Z", "icon": "icon-sitemap"}}, {"pk": 64, "model": "sad.menu", "fields": {"description": null, "parent": 61, "title": "Enterprise", "url": "space/enterprise/edit_current/", "permission": 13, "is_active": true, "pos": 603, "module": "BACKEND", "registered_at": "2013-10-31T05:18:46Z", "modified_in": "2013-10-31T05:18:46Z", "icon": "icon-briefcase"}}, {"pk": 65, "model": "sad.menu", "fields": {"description": null, "parent": 61, "title": "Headquarters", "url": "space/headquar/index/", "permission": 14, "is_active": true, "pos": 604, "module": "BACKEND", "registered_at": "2013-10-31T05:19:25Z", "modified_in": "2013-10-31T05:19:25Z", "icon": "icon-sitemap"}}, {"pk": 66, "model": "sad.menu", "fields": {"description": null, "parent": 61, "title": "Users", "url": "sad/user/index/", "permission": 21, "is_active": true, "pos": 605, "module": "BACKEND", "registered_at": "2013-10-31T05:21:51Z", "modified_in": "2013-10-31T05:21:51Z", "icon": "icon-user"}}, {"pk": 71, "model": "sad.menu", "fields": {"description": null, "parent": null, "title": "System", "url": "#", "permission": null, "is_active": true, "pos": 700, "module": "BACKEND", "registered_at": "2013-10-31T04:59:29Z", "modified_in": "2013-10-31T05:02:12Z", "icon": "icon-cogs"}}, {"pk": 72, "model": "sad.menu", "fields": {"description": null, "parent": 71, "title": "Menus", "url": "sad/menu/index/", "permission": 18, "is_active": true, "pos": 707, "module": "BACKEND", "registered_at": "2013-10-31T05:10:49Z", "modified_in": "2013-10-31T05:10:49Z", "icon": "icon-list"}}, {"pk": 73, "model": "sad.menu", "fields": {"description": null, "parent": 71, "title": "Resource", "url": "sad/resource/index/", "permission": 19, "is_active": true, "pos": 701, "module": "BACKEND", "registered_at": "2013-10-31T05:02:06Z", "modified_in": "2013-10-31T05:02:06Z", "icon": "icon-lock"}}, {"pk": 74, "model": "sad.menu", "fields": {"description": null, "parent": 71, "title": "Profiles", "url": "sad/group/index/", "permission": 20, "is_active": true, "pos": 702, "module": "BACKEND", "registered_at": "2013-10-31T05:03:15Z", "modified_in": "2013-10-31T05:03:15Z", "icon": "icon-group"}}, {"pk": 75, "model": "sad.menu", "fields": {"description": null, "parent": 71, "title": "Permissions", "url": "sad/group/permissions_edit/", "permission": 20, "is_active": true, "pos": 703, "module": "BACKEND", "registered_at": "2013-10-31T05:04:35Z", "modified_in": "2013-10-31T05:04:35Z", "icon": "icon-magic"}}, {"pk": 76, "model": "sad.menu", "fields": {"description": null, "parent": 71, "title": "Modules", "url": "sad/module/index/", "permission": 17, "is_active": true, "pos": 704, "module": "BACKEND", "registered_at": "2013-10-31T05:08:29Z", "modified_in": "2013-10-31T05:08:29Z", "icon": "icon-hdd"}}, {"pk": 77, "model": "sad.menu", "fields": {"description": null, "parent": 71, "title": "Solutions", "url": "space/solution/index/", "permission": 11, "is_active": true, "pos": 705, "module": "BACKEND", "registered_at": "2013-10-31T05:09:23Z", "modified_in": "2013-10-31T05:09:23Z", "icon": "icon-wrench"}}, {"pk": 78, "model": "sad.menu", "fields": {"description": null, "parent": 71, "title": "Plans", "url": "sad/module/plans_edit/", "permission": 17, "is_active": true, "pos": 706, "module": "BACKEND", "registered_at": "2013-10-31T05:10:15Z", "modified_in": "2013-10-31T05:10:15Z", "icon": "icon-magic"}}, {"pk": 81, "model": "sad.menu", "fields": {"description": null, "parent": null, "title": "Logs", "url": "#", "permission": null, "is_active": true, "pos": 800, "module": "BACKEND", "registered_at": "2013-11-21T00:04:06Z", "modified_in": "2013-11-21T00:04:06Z", "icon": "icon-eye-open"}}, {"pk": 82, "model": "sad.menu", "fields": {"description": null, "parent": 81, "title": "Access", "url": "sad/access/index/", "permission": 15, "is_active": true, "pos": 801, "module": "BACKEND", "registered_at": "2013-11-21T00:04:06Z", "modified_in": "2013-11-21T00:04:06Z", "icon": "icon-exchange"}}, {"pk": 83, "model": "sad.menu", "fields": {"description": null, "parent": 81, "title": "Audits", "url": "sad/audit/index", "permission": 22, "is_active": true, "pos": 802, "module": "BACKEND", "registered_at": "2013-11-21T00:04:06Z", "modified_in": "2013-11-21T00:04:06Z", "icon": "icon-eye-open"}}, {"pk": 84, "model": "sad.menu", "fields": {"description": null, "parent": 81, "title": "Logs", "url": "sad/log/index/", "permission": 23, "is_active": true, "pos": 803, "module": "BACKEND", "registered_at": "2013-11-21T00:04:06Z", "modified_in": "2013-11-21T00:04:06Z", "icon": "icon-filter"}}, {"pk": 85, "model": "sad.menu", "fields": {"description": null, "parent": 81, "title": "Backups", "url": "sad/backup/index/", "permission": 16, "is_active": true, "pos": 804, "module": "BACKEND", "registered_at": "2013-11-21T00:04:06Z", "modified_in": "2013-11-21T00:04:06Z", "icon": "icon-hdd"}}, {"pk": 86, "model": "sad.menu", "fields": {"description": null, "parent": 81, "title": "Tables", "url": "sad/maintenance/index/", "permission": 24, "is_active": true, "pos": 808, "module": "BACKEND", "registered_at": "2013-11-21T00:04:06Z", "modified_in": "2013-11-21T00:04:06Z", "icon": "icon-bolt"}}, {"pk": 90, "model": "sad.menu", "fields": {"description": null, "parent": 81, "title": "System", "url": "sad/system/index/", "permission": 25, "is_active": true, "pos": 809, "module": "BACKEND", "registered_at": "2013-11-21T00:04:06Z", "modified_in": "2013-11-21T00:04:06Z", "icon": "icon-wrench"}}, {"pk": 91, "model": "sad.menu", "fields": {"description": null, "parent": null, "title": "Params", "url": "#", "permission": null, "is_active": true, "pos": 900, "module": "BACKEND", "registered_at": "2013-11-21T00:04:06Z", "modified_in": "2013-11-21T00:04:06Z", "icon": "icon-th-list"}}, {"pk": 92, "model": "sad.menu", "fields": {"description": null, "parent": 91, "title": "Localities", "url": "params/locality/index/", "permission": 2, "is_active": true, "pos": 901, "module": "BACKEND", "registered_at": "2013-10-31T05:49:17Z", "modified_in": "2013-10-31T05:49:17Z", "icon": ""}}, {"pk": 100, "model": "sad.menu", "fields": {"description": null, "parent": null, "title": "Next", "url": "#", "permission": null, "is_active": true, "pos": 999, "module": "BACKEND", "registered_at": "2013-11-21T00:04:06Z", "modified_in": "2013-11-21T00:04:06Z", "icon": "icon-calendar"}}, {"pk": 101, "model": "sad.menu", "fields": {"description": null, "parent": null, "title": "Dashboard", "url": "#", "permission": null, "is_active": true, "pos": 100, "module": "VENTAS", "registered_at": "2013-10-31T05:38:05Z", "modified_in": "2013-10-31T05:38:05Z", "icon": "icon-home"}}, {"pk": 102, "model": "sad.menu", "fields": {"description": null, "parent": 101, "title": "Dashboard", "url": "mod_ventas/dashboard/", "permission": 70, "is_active": true, "pos": 101, "module": "VENTAS", "registered_at": "2013-10-31T05:38:44Z", "modified_in": "2013-11-25T22:00:49Z", "icon": "icon-home"}}, {"pk": 130, "model": "sad.menu", "fields": {"description": null, "parent": null, "title": "Maestros", "url": "#", "permission": null, "is_active": true, "pos": 300, "module": "VENTAS", "registered_at": "2013-11-01T15:41:28Z", "modified_in": "2013-11-01T15:41:28Z", "icon": "icon-calendar"}}, {"pk": 131, "model": "sad.menu", "fields": {"description": null, "parent": 130, "title": "Productos", "url": "maestros/producto/index/", "permission": 52, "is_active": true, "pos": 301, "module": "VENTAS", "registered_at": "2013-11-01T15:42:22Z", "modified_in": "2013-11-19T16:43:11Z", "icon": "icon-print"}}, {"pk": 201, "model": "sad.menu", "fields": {"description": null, "parent": null, "title": "Dashboard", "url": "#", "permission": null, "is_active": true, "pos": 100, "module": "PRO", "registered_at": "2013-11-20T22:25:44Z", "modified_in": "2013-11-20T22:40:39Z", "icon": "icon-home"}}, {"pk": 202, "model": "sad.menu", "fields": {"description": null, "parent": 201, "title": "Dashboard", "url": "mod_pro/dashboard/", "permission": 80, "is_active": true, "pos": 101, "module": "PRO", "registered_at": "2013-11-20T22:40:31Z", "modified_in": "2013-11-20T22:46:35Z", "icon": "icon-home"}}, {"pk": 203, "model": "sad.menu", "fields": {"description": null, "parent": 201, "title": "Datos Empleado", "url": "rrhh/employee/edit/", "permission": 71, "is_active": true, "pos": 102, "module": "PRO", "registered_at": "2013-11-20T22:53:25Z", "modified_in": "2013-11-25T10:42:25Z", "icon": "icon-briefcase"}}, {"pk": 210, "model": "sad.menu", "fields": {"description": null, "parent": 201, "title": "Listado de Empleados", "url": "rrhh/employee/index/", "permission": 71, "is_active": true, "pos": 103, "module": "PRO", "registered_at": "2013-11-21T00:04:06Z", "modified_in": "2013-11-21T00:04:06Z", "icon": "icon-calendar"}}]